algo,original,parallelized
lm,7.49799999999959,11.7379999999976
glmnet,8.53200000000288,8.49499999999898
ranger,15.2099999999991,12.018
xgbTree,421.267,130.866999999998
